Workbook

Sheet Dashboard
B3: MBA | F3: Cursos Livres
B5: Todas | C5: Obrigatórias | D5: Bônus | F5: Todas
B6: =B13*1/B10 -> 0.2144166 | C6: =C13*1/C10 -> 0.3753415 | D6: =D13*1/D10 -> 0.014128913 | F6: =F13*1/F10 -> 0
B9: Total | C9: Total | D9: Total | F9: Total
B10: =SUM( '0. Introdução ao LangChain (Niv'!$G3+ '1. Fundamentos de IA Generativa'!$G3+ '2. Prompt Engineering'!G3+ '3. Design Docs com IA'!$G3+ '4. Desenvolvimento de Software '!$G3+ Desafios!$G3+ 'Bônus - Lives Extras'!$G3+ 'Aulas Ao Vivo'!$G3 ) -> 5.5901042 | C10: =SUM( '0. Introdução ao LangChain (Niv'!$G3+ '1. Fundamentos de IA Generativa'!$G3+ '2. Prompt Engineering'!H3+ '3. Design Docs com IA'!$G3+ '4. Desenvolvimento de Software '!$G3+ Desafios!$G3+ 'Aulas Ao Vivo'!$G3 ) -> 2.5885069 | D10: =SUM( 'Bônus - Lives Extras'!$G3 ) -> 2.4558912 | F10: =SUM( '⚡️ Claude Agent Skills'!$G3 ) -> 0.093055556
B12: ✅ Completed | C12: ✅ Completed | D12: ✅ Completed | F12: ✅ Completed
B13: =SUM( '0. Introdução ao LangChain (Niv'!$G6+ '1. Fundamentos de IA Generativa'!$G6+ '2. Prompt Engineering'!G6+ '3. Design Docs com IA'!$G6+ '4. Desenvolvimento de Software '!$G6+ Desafios!$G6+ 'Bônus - Lives Extras'!$G6+ 'Aulas Ao Vivo'!$G6 ) -> 1.1986111 | C13: =SUM( '0. Introdução ao LangChain (Niv'!$G6+ '1. Fundamentos de IA Generativa'!$G6+ '2. Prompt Engineering'!H6+ '3. Design Docs com IA'!$G6+ '4. Desenvolvimento de Software '!$G6+ Desafios!$G6+ 'Aulas Ao Vivo'!$G6 ) -> 0.97157407 | D13: =SUM( 'Bônus - Lives Extras'!$G6 ) -> 0.034699074 | F13: =SUM( '⚡️ Claude Agent Skills'!$G6 ) -> 0
B15: ⬜ Not Started | C15: ⬜ Not Started | D15: ⬜ Not Started | F15: ⬜ Not Started
B16: =SUM( '0. Introdução ao LangChain (Niv'!$G9+ '1. Fundamentos de IA Generativa'!$G9+ '2. Prompt Engineering'!G9+ '3. Design Docs com IA'!$G9+ '4. Desenvolvimento de Software '!$G9+ Desafios!$G9+ 'Bônus - Lives Extras'!$G9+ 'Aulas Ao Vivo'!$G9 ) -> 4.3914931 | C16: =SUM( '0. Introdução ao LangChain (Niv'!$G9+ '1. Fundamentos de IA Generativa'!$G9+ '2. Prompt Engineering'!H9+ '3. Design Docs com IA'!$G9+ '4. Desenvolvimento de Software '!$G9+ Desafios!$G9+ 'Aulas Ao Vivo'!$G9 ) -> 1.6169329 | D16: =SUM( 'Bônus - Lives Extras'!$G9 ) -> 2.4211921 | F16: =SUM( '⚡️ Claude Agent Skills'!$G9 ) -> 0.093055556

Sheet 0. Introdução ao LangChain (Niv
A1: # | B1: Module/Class | C1: Duration (HH:MM:SS) | D1: Status | E1: Notes
A2: 1 | B2: Material e código-fonte: Código fonte | C2: 0 | D2: ✅ Completed | G2: Total de Hrs
A3: 2 | B3: Introdução: Introdução ao LangChain | C3: 0.0023032407 | D3: ✅ Completed | G3: =SUM(C2:C1000) -> 0.20159722
A4: 3 | B4: Introdução: Histórico e ecossistema | C4: 0.0045486111 | D4: ✅ Completed
A5: 4 | B5: Introdução: Principais recursos | C5: 0.010486111 | D5: ✅ Completed | G5: ✅ Completed
A6: 5 | B6: Introdução: Entendendo arquitetura básica | C6: 0.0048032407 | D6: ✅ Completed | G6: =SUMIF(D:D,G5,C:C) -> 0.20159722
A7: 6 | B7: Primeiros passos: Configurando ambiente de desenvolvimento | C7: 0.0052546296 | D7: ✅ Completed
A8: 7 | B8: Primeiros passos: Criando API Keys | C8: 0.004375 | D8: ✅ Completed | G8: ⬜ Not Started
A9: 8 | B9: Primeiros passos: Chamando LLM pela primeira vez | C9: 0.0042939815 | D9: ✅ Completed | G9: =SUMIF(D:D,G8,C:C) -> 0
A10: 9 | B10: Primeiros passos: PromptTemplate | C10: 0.0062384259 | D10: ✅ Completed
A11: 10 | B11: Chains e processamento: Iniciando com Chains | C11: 0.0034259259 | D11: ✅ Completed
A12: 11 | B12: Chains e processamento: Chains como decorators | C12: 0.0061921296 | D12: ✅ Completed
A13: 12 | B13: Chains e processamento: Runnable Lambdas | C13: 0.0028240741 | D13: ✅ Completed
A14: 13 | B14: Chains e processamento: Criando Pipeline com mais etapas | C14: 0.0071875 | D14: ✅ Completed
A15: 14 | B15: Chains e processamento: Iniciando com sumarização | C15: 0.0070486111 | D15: ✅ Completed
A16: 15 | B16: Chains e processamento: TextSpliter e Sumarização | C16: 0.0095023148 | D16: ✅ Completed
A17: 16 | B17: Chains e processamento: Sumarização com map e reduce | C17: 0.0045023148 | D17: ✅ Completed
A18: 17 | B18: Chains e processamento: Criando pipeline customizado de sumarização | C18: 0.008599537 | D18: ✅ Completed
A19: 18 | B19: Chains e processamento: Observação sobre Prompts personalizados | C19: 0.0009837963 | D19: ✅ Completed
A20: 19 | B20: Desenvolvimento de agentes e ReAct: Agentes e ReAct | C20: 0.0068171296 | D20: ✅ Completed
A21: 20 | B21: Desenvolvimento de agentes e ReAct: Criando Tools | C21: 0.0083217593 | D21: ✅ Completed
... A35: 34 | B35: Data loading e RAG: Fazendo busca vetorial | C35: 0.0065509259 | D35: ✅ Completed

Sheet 1. Fundamentos de IA Generativa
A1: # | B1: Module/Class | C1: Duration (HH:MM:SS) | D1: Status | E1: Notes
A2: 1 | B2: Materiais: Slides | C2: 0 | D2: ✅ Completed | G2: Total de Hrs
A3: 2 | B3: Introdução: Introdução | C3: 0.0036805556 | D3: ✅ Completed | G3: =SUM(C2:C1000) -> 0.40814815
A4: 3 | B4: Introdução: Nosso momento | C4: 0.013090278 | D4: ✅ Completed
A5: 4 | B5: Gen IA: O que é Gen AI | C5: 0.013206019 | D5: ✅ Completed | G5: ✅ Completed
A6: 5 | B6: Gen IA: Introdução as diferenças de IA | C6: 0.0094328704 | D6: ✅ Completed | G6: =SUMIF(D:D,G5,C:C) -> 0.40814815
A7: 6 | B7: Gen IA: Como a Gen AI aprende | C7: 0.0089583333 | D7: ✅ Completed
A8: 7 | B8: Gen IA: História da IA, o início | C8: 0.0074189815 | D8: ✅ Completed | G8: ⬜ Not Started
A9: 8 | B9: Gen IA: O inverno da IA | C9: 0.010011574 | D9: ✅ Completed | G9: =SUMIF(D:D,G8,C:C) -> 0
A10: 9 | B10: Gen IA: Evolução dos modelos 2 gramas | C10: 0.010949074 | D10: ✅ Completed
A11: 10 | B11: Aprofundando na IA e LLM: Cadeias de Markov | C11: 0.012546296 | D11: ✅ Completed
A12: 11 | B12: Aprofundando na IA e LLM: Redes neurais profundas | C12: 0.010694444 | D12: ✅ Completed
A13: 12 | B13: Aprofundando na IA e LLM: RNNs | C13: 0.011377315 | D13: ✅ Completed
A14: 13 | B14: Aprofundando na IA e LLM: Transformers | C14: 0.011273148 | D14: ✅ Completed
A15: 14 | B15: Aprofundando na IA e LLM: Tokens | C15: 0.0077662037 | D15: ✅ Completed
A16: 15 | B16: Aprofundando na IA e LLM: LLMs | C16: 0.011099537 | D16: ✅ Completed
A17: 16 | B17: Aprofundando na IA e LLM: GANs | C17: 0.0045023148 | D17: ✅ Completed
A18: 17 | B18: Aprofundando na IA e LLM: Aprofundando em LLM | C18: 0.0051736111 | D18: ✅ Completed
A19: 18 | B19: Aprofundando na IA e LLM: Position Wise Layers | C19: 0.0073726852 | D19: ✅ Completed
A20: 19 | B20: Aprofundando na IA e LLM: Positional encoding | C20: 0.013321759 | D20: ✅ Completed
A21: 20 | B21: Aprofundando na IA e LLM: LayerNorm | C21: 0.0028472222 | D21: ✅ Completed
... A47: 46 | B47: Revisando: Encerramento | C47: 0.0028472222 | D47: ✅ Completed

Sheet 2. Prompt Engineering
A1: # | B1: Module/Class | C1: Duration (HH:MM:SS) | D1: Status | E1: Notes
A2: 1 | B2: Material e código-fonte: Código fonte | C2: 0 | D2: ✅ Completed | G2: Total de Hrs
A3: 2 | B3: Material e código-fonte: Material | C3: 0 | D3: ✅ Completed | G3: =SUM(C2:C1000) -> 0.54570602
A4: 3 | B4: Iniciando com Prompt Engineering: Introdução e overview da disciplina | C4: 0.0053125 | D4: ✅ Completed
A5: 4 | B5: Iniciando com Prompt Engineering: O que realmente e prompt engineering | C5: 0.0034490741 | D5: ✅ Completed | G5: ✅ Completed
A6: 5 | B6: Iniciando com Prompt Engineering: Outras aplicabilidades | C6: 0.0061574074 | D6: ✅ Completed | G6: =SUMIF(D:D,G5,C:C) -> 0.19233796
A7: 6 | B7: Iniciando com Prompt Engineering: Tipos e tecnicas e Prompts | C7: 0.0020486111 | D7: ✅ Completed
A8: 7 | B8: Iniciando com Prompt Engineering: Role Prompting | C8: 0.0048726852 | D8: ✅ Completed | G8: ⬜ Not Started
A9: 8 | B9: Iniciando com Prompt Engineering: Role Prompting na prática | C9: 0.0058333333 | D9: ✅ Completed | G9: =SUMIF(D:D,G8,C:C) -> 0.35336806
A10: 9 | B10: Iniciando com Prompt Engineering: Trabalhando com zero-shot em diversos modelos | C10: 0.0075231481 | D10: ✅ Completed
A11: 10 | B11: Iniciando com Prompt Engineering: One e Few-shot e situações críticas | C11: 0.0072222222 | D11: ✅ Completed
A12: 11 | B12: Iniciando com Prompt Engineering: Conceitos básicos de Chain of Thought | C12: 0.0038773148 | D12: ✅ Completed
A13: 12 | B13: Iniciando com Prompt Engineering: CoT na prática e seus conflitos | C13: 0.0066782407 | D13: ✅ Completed
A14: 13 | B14: Iniciando com Prompt Engineering: CoT com Self-consistency | C14: 0.0063425926 | D14: ✅ Completed
A15: 14 | B15: Iniciando com Prompt Engineering: Explorando diversos caminhos com Tree of Thought | C15: 0.0077430556 | D15: ✅ Completed
A16: 15 | B16: Iniciando com Prompt Engineering: Skeleton of Thought e resultados incríveis | C16: 0.0093402778 | D16: ✅ Completed
A17: 16 | B17: Iniciando com Prompt Engineering: Conceitos básicos do ReAct | C17: 0.0025 | D17: ✅ Completed
A18: 17 | B18: Iniciando com Prompt Engineering: Identificando bugs na prática com ReAct | C18: 0.0046875 | D18: ✅ Completed
A19: 18 | B19: Iniciando com Prompt Engineering: Usando ReAct para análise de trade-offs | C19: 0.0052430556 | D19: ✅ Completed
A20: 19 | B20: Iniciando com Prompt Engineering: Prompt Channing na prática com LangChain | C20: 0.008275463 | D20: ✅ Completed
A21: 20 | B21: Iniciando com Prompt Engineering: Conclusões | C21: 0.0049421296 | D21: ✅ Completed
... A106: 105 | B106: Evaluation Comparativa: Pairwise com justificativa do LLM-as-Judge | C106: 0.0083564815 | D106: ⬜ Not Started

Sheet 3. Design Docs com IA
A1: # | B1: Module/Class | C1: Duration (HH:MM:SS) | D1: Status | E1: Notes
A2: 1 | B2: Material: Templates PRD | C2: 0 | D2: ⬜ Not Started | G2: Total de Hrs
A3: 2 | B3: Material: Design e Arquitetura | C3: 0 | D3: ⬜ Not Started | G3: =SUM(C2:C1000) -> 0.29876157
A4: 3 | B4: Material: Engineering Guidelines | C4: 0 | D4: ⬜ Not Started
A5: 4 | B5: Material: Classificação de Documentos | C5: 0 | D5: ⬜ Not Started | G5: ✅ Completed
A6: 5 | B6: Material: Plugins Claude Code | C6: 0 | D6: ⬜ Not Started | G6: =SUMIF(D:D,G5,C:C) -> 0
A7: 6 | B7: Introdução: Alinhando expectativas | C7: 0.0025231481 | D7: ⬜ Not Started
A8: 7 | B8: Introdução: Contextualizando o mundo da documentação | C8: 0.0053819444 | D8: ⬜ Not Started | G8: ⬜ Not Started
A9: 8 | B9: Introdução: RUP | C9: 0.0054398148 | D9: ⬜ Not Started | G9: =SUMIF(D:D,G8,C:C) -> 0.29876157
A10: 9 | B10: Introdução: Agile | C10: 0.0023611111 | D10: ⬜ Not Started
A11: 10 | B11: Introdução: Problemas conhecidos | C11: 0.00375 | D11: ⬜ Not Started
A12: 11 | B12: Documentação na era da IA: Documentação na era da IA | C12: 0.0032638889 | D12: ⬜ Not Started
A13: 12 | B13: Documentação na era da IA: Tipos de documentação e Design Docs | C13: 0.0039583333 | D13: ⬜ Not Started
A14: 13 | B14: Documentação na era da IA: PRDs - Product Requirement Document | C14: 0.005162037 | D14: ⬜ Not Started
A15: 14 | B15: Documentação na era da IA: Seções de um PRD | C15: 0.003287037 | D15: ⬜ Not Started
A16: 15 | B16: Documentação na era da IA: PRDs de Alto Nivel | C16: 0.0019560185 | D16: ⬜ Not Started
A17: 16 | B17: Documentação na era da IA: PRDs de Feature e casos de uso | C17: 0.0046527778 | D17: ⬜ Not Started
A18: 17 | B18: Documentação na era da IA: Principais Seções em um PRD de Feature | C18: 0.0022569444 | D18: ⬜ Not Started
A19: 18 | B19: Documentação na era da IA: Exemplo 1 de PRD | C19: 0.0050115741 | D19: ⬜ Not Started
A20: 19 | B20: Documentação na era da IA: Exemplo 2 de PRD e JSON Opcional | C20: 0.0033796296 | D20: ⬜ Not Started
A21: 20 | B21: Documentação na era da IA: Prompt para geração de PRD | C21: 0.0048032407 | D21: ⬜ Not Started
... A68: 67 | B68: Engineering Guidelines: Classificação de Documentos e Considerações finais | C68: 0.0047106481 | D68: ⬜ Not Started

Sheet 4. Desenvolvimento de Software 
A1: # | B1: Module/Class | C1: Duration (HH:MM:SS) | D1: Status | E1: Notes
A2: 1 | B2: Introdução: Introdução e conceitos iniciais | C2: 0.0018402778 | D2: ⬜ Not Started | G2: Total de Hrs
A3: 2 | B3: Introdução: Ferramentas e Workflows | C3: 0.0061574074 | D3: ⬜ Not Started | G3: =SUM(C2:C1000) -> 0.10710648
A4: 3 | B4: Introdução: Paralelização | C4: 0.0038425926 | D4: ⬜ Not Started
A5: 4 | B5: Introdução: Documentação e artefatos | C5: 0.0044097222 | D5: ⬜ Not Started | G5: ✅ Completed
A6: 5 | B6: Introdução: Arquitetura de Software e solução | C6: 0.0043171296 | D6: ⬜ Not Started | G6: =SUMIF(D:D,G5,C:C) -> 0
A7: 6 | B7: Introdução: Spec Driven Development | C7: 0.0016203704 | D7: ⬜ Not Started
A8: 7 | B8: Introdução: Pilares do desenvolvimento com IA | C8: 0.0072685185 | D8: ⬜ Not Started | G8: ⬜ Not Started
A9: 8 | B9: Introdução: Ferramentas e IDEs | C9: 0.006400463 | D9: ⬜ Not Started | G9: =SUMIF(D:D,G8,C:C) -> 0.10710648
A10: 9 | B10: Introdução: Ferramentas que vamos utilizar durante o curso | C10: 0.0035300926 | D10: ⬜ Not Started
A11: 10 | B11: Introdução: Dinâmica da disciplina | C11: 0.0068402778 | D11: ⬜ Not Started
A12: 11 | B12: Quick start: O basico não é fácil | C12: 0.0012152778 | D12: ⬜ Not Started
A13: 12 | B13: Quick start: Pontos essenciais para desenvolvimento | C13: 0.0019444444 | D13: ⬜ Not Started
A14: 13 | B14: Quick start: Tentantiva de subir ambiente | C14: 0.0031481481 | D14: ⬜ Not Started
A15: 14 | B15: Quick start: A diferença do README.md | C15: 0.0028935185 | D15: ⬜ Not Started
A16: 15 | B16: Quick start: Scripts de inicialização | C16: 0.00375 | D16: ⬜ Not Started
A17: 16 | B17: Quick start: Arquivo de inicialização do agente | C17: 0.0033796296 | D17: ⬜ Not Started
A18: 17 | B18: Quick start: O que devemos ter nos arquivos de inicialização | C18: 0.0072222222 | D18: ⬜ Not Started
A19: 18 | B19: Quick start: O que NÃO deve entrar | C19: 0.003599537 | D19: ⬜ Not Started
A20: 19 | B20: Quick start: Entendendo nos detalhes | C20: 0.0074421296 | D20: ⬜ Not Started
A21: 20 | B21: Quick start: Testabilidade | C21: 0.0061458333 | D21: ⬜ Not Started
... A25: 24 | B25: Quick start: Dica final | C25: 0.0023726852 | D25: ⬜ Not Started

Sheet Desafios
A1: # | B1: Module/Class | C1: Duration (HH:MM:SS) | D1: Status | E1: Notes
A2: 1 | B2: Ingestão e busca semântica com LangChain e PostgreSQL: Iniciar | C2: 0.083333333 | D2: ✅ Completed | G2: Total de Hrs
A3: 2 | B3: Pull, Otimização e Avaliação de Prompts com LangChain e LangSmith | C3: 0.083333333 | D3: ⬜ Not Started | G3: =SUM(C2:C1000) -> 0.16666667
G5: ✅ Completed
G6: =SUMIF(D:D,G5,C:C) -> 0.083333333
G8: ⬜ Not Started
G9: =SUMIF(D:D,G8,C:C) -> 0.083333333

Sheet Bônus - Lives Extras
A1: # | B1: Module/Class | C1: Duration (HH:MM:SS) | D1: Status | E1: Notes
A2: 1 | B2: System design e requisitos de engenharia: System design e requisitos de engenharia | C2: 0.0062847222 | D2: ✅ Completed | G2: Total de Hrs
A3: 2 | B3: System design e requisitos de engenharia: Plano de capacidade | C3: 0.0024189815 | D3: ✅ Completed | G3: =SUM(C2:C1000) -> 2.4558912
A4: 3 | B4: System design e requisitos de engenharia: Entidades Core | C4: 0.0023958333 | D4: ✅ Completed
A5: 4 | B5: System design e requisitos de engenharia: Design de API | C5: 0.0039814815 | D5: ✅ Completed | G5: ✅ Completed
A6: 5 | B6: System design e requisitos de engenharia: System design | C6: 0.0038194444 | D6: ✅ Completed | G6: =SUMIF(D:D,G5,C:C) -> 0.034699074
A7: 6 | B7: System design e requisitos de engenharia: Aprofundamento e questões criticas | C7: 0.003900463 | D7: ✅ Completed
A8: 7 | B8: Estudo de caso Uber: Desafio do system design do Uber | C8: 0.0045486111 | D8: ✅ Completed | G8: ⬜ Not Started
A9: 8 | B9: Estudo de caso Uber: Agora é sua vez | C9: 0 | D9: ✅ Completed | G9: =SUMIF(D:D,G8,C:C) -> 2.4211921
A10: 9 | B10: Estudo de caso Instagram: Desafio do system design do Instagram | C10: 0.007349537 | D10: ✅ Completed
A11: 10 | B11: Estudo de caso Instagram: Agora é sua vez | C11: 0 | D11: ✅ Completed
A12: 11 | B12: Comunicação e resiliência: Introdução a comunicação e resiliência | C12: 0.0026273148 | D12: ⬜ Not Started
A13: 12 | B13: Comunicação e resiliência: Comunicação síncrona VS Comunicação assíncrona | C13: 0.0062731481 | D13: ⬜ Not Started
A14: 13 | B14: Comunicação e resiliência: Comunicação assíncrona | C14: 0.0038078704 | D14: ⬜ Not Started
A15: 14 | B15: Comunicação e resiliência: REST, gRPC e GraphQL | C15: 0.0061574074 | D15: ⬜ Not Started
A16: 15 | B16: Comunicação e resiliência: Tópicos, Filas, Kafka e RabbitMQ | C16: 0.0056597222 | D16: ⬜ Not Started
A17: 16 | B17: Comunicação e resiliência: Websockets vs SSE | C17: 0.0031365741 | D17: ⬜ Not Started
A18: 17 | B18: Comunicação e resiliência: Protobuf VS Flatbuffers | C18: 0.0074652778 | D18: ⬜ Not Started
A19: 18 | B19: Comunicação e resiliência: Próximo passo | C19: 0.001099537 | D19: ⬜ Not Started
A20: 19 | B20: Devops e SRE: DevOps e SRE | C20: 0.00085648148 | D20: ⬜ Not Started
A21: 20 | B21: Devops e SRE: Contexto e antagonismo | C21: 0.0067592593 | D21: ⬜ Not Started
... A43: 42 | B43: FC TechWeek IA #4: Agentes Autônomos com ADK, RAG e Design Patterns | C43: 0.12196759 | D43: ⬜ Not Started

Sheet Aulas Ao Vivo
A1: # | B1: Module/Class | C1: Duration (HH:MM:SS) | D1: Status | E1: Notes
A2: 1 | B2: Introdução: Como funciona este módulo | C2: 0 | D2: ✅ Completed | G2: Total de Hrs
A3: 2 | B3: Quick Wins com IA - Wesley Willians 29/07: Aula ao vivo - 29/07/2025 | C3: 0.10502315 | D3: ✅ Completed | G3: =SUM(C2:C1000) -> 1.4062269
A4: 3 | B4: Quick Wins com IA - Wesley Willians 29/07: Material | C4: 0 | D4: ✅ Completed
A5: 4 | B5: Live com especialista - Luiz Carlos 07/08: Aula Ao Vivo - 07/08/2025 | C5: 0.099097222 | D5: ✅ Completed | G5: ✅ Completed
A6: 5 | B6: Live com especialista - Luiz Carlos 07/08: Material | C6: 0 | D6: ✅ Completed | G6: =SUMIF(D:D,G5,C:C) -> 0.27849537
A7: 6 | B7: Mentoria - Wesley Willians 12/08: Aula ao Vivo - 12/08/25 | C7: 0.074375 | D7: ✅ Completed
A8: 7 | B8: Mentoria - Wesley Willians 12/08: Material | C8: 0 | D8: ✅ Completed | G8: ⬜ Not Started
A9: 8 | B9: Agentes de IA - Wesley Willians 21/08: Aula ao Vivo - 21/08/2025 | C9: 0.053287037 | D9: ⬜ Not Started | G9: =SUMIF(D:D,G8,C:C) -> 1.1277315
A10: 9 | B10: Agentes de IA - Wesley Willians 21/08: Github - Claude sub-agents | C10: 0 | D10: ⬜ Not Started
A11: 10 | B11: Agentes de IA - Wesley Willians 21/08: Excalidraw | C11: 0 | D11: ⬜ Not Started
A12: 11 | B12: Criação e Tipos de Prompt - Wesley Willians 02/09: Aula ao Vivo - 02/09/2025 | C12: 0.084675926 | D12: ⬜ Not Started
A13: 12 | B13: Criação e Tipos de Prompt - Wesley Willians 02/09: Material | C13: 0 | D13: ⬜ Not Started
A14: 13 | B14: Exploração e Workflow para Modernização de Legados - 09/09: Aula ao Vivo - 09/09/2025 | C14: 0.1028125 | D14: ⬜ Not Started
A15: 14 | B15: Alta escala com AI no mundo real - 16/09: Aula ao Vivo - 16/09/2025 | C15: 0.073206019 | D15: ⬜ Not Started
A16: 15 | B16: Mentoria - Wesley Willians 30/09: Aula ao Vivo - 30/09/25 | C16: 0.065590278 | D16: ⬜ Not Started
A17: 16 | B17: Avaliar e medir a qualidade de prompts na prática - 07/10: Aula ao Vivo - 07/10/2025 | C17: 0.07525463 | D17: ⬜ Not Started
A18: 17 | B18: Gerenciamento e evaluation de prompts com Langfuse - 14/10: Aula ao Vivo - 14/10/2025 | C18: 0.065405093 | D18: ⬜ Not Started
A19: 18 | B19: Claude Code Skills:Workflow de desenvolvimento custo - 28/10: Aula ao Vivo - 28/10/2025 | C19: 0.073391204 | D19: ⬜ Not Started
A20: 19 | B20: Mentoria - Wesley Willians 04/11: Aula ao Vivo - 04/11/25 | C20: 0.07599537 | D20: ⬜ Not Started
A21: 20 | B21: Design Docs que você precisa saber para trabalhar 11/11: Aula ao Vivo - 11/11/2025 | C21: 0.064907407 | D21: ⬜ Not Started
... A27: 26 | B27: Loop agent - 27/01: Aula ao vivo - 29/01/2026 | C27: 0.076122685 | D27: ⬜ Not Started

Sheet ⚡️ Claude Agent Skills
A1: # | B1: Module/Class | C1: Duration (HH:MM:SS) | D1: Status | E1: Notes
A2: 1 | B2: Agent Skills with Anthropic: Introduction | C2: 0.0013888889 | D2: ⬜ Not Started | G2: Total de Hrs
A3: 2 | B3: Agent Skills with Anthropic: Course Materials | C3: 0 | D3: ⬜ Not Started | G3: =SUM(C2:C1000) -> 0.093055556
A4: 3 | B4: Agent Skills with Anthropic: Why Use Skills - Part I | C4: 0.0076388889 | D4: ⬜ Not Started
A5: 4 | B5: Agent Skills with Anthropic: Why Use Skills - Part II | C5: 0.0055555556 | D5: ⬜ Not Started | G5: ✅ Completed
A6: 5 | B6: Agent Skills with Anthropic: Skills vs Tools, MCP, and Subagents | C6: 0.0048611111 | D6: ⬜ Not Started | G6: =SUMIF(D:D,G5,C:C) -> 0
A7: 6 | B7: Agent Skills with Anthropic: Exploring Pre-Built Skills | C7: 0.0125 | D7: ⬜ Not Started
A8: 7 | B8: Agent Skills with Anthropic: Creating Custom Skills | C8: 0.011111111 | D8: ⬜ Not Started | G8: ⬜ Not Started
A9: 8 | B9: Agent Skills with Anthropic: Skills with the Claude API | C9: 0.011805556 | D9: ⬜ Not Started | G9: =SUMIF(D:D,G8,C:C) -> 0.093055556
A10: 9 | B10: Agent Skills with Anthropic: Skills with Claude Code | C10: 0.016666667 | D10: ⬜ Not Started
A11: 10 | B11: Agent Skills with Anthropic: Skills with the Claude Agent SDK | C11: 0.013888889 | D11: ⬜ Not Started
A12: 11 | B12: Agent Skills with Anthropic: Conclusion | C12: 0.00069444444 | D12: ⬜ Not Started
A13: 12 | B13: Agent Skills with Anthropic: Quiz | C13: 0.0069444444 | D13: ⬜ Not Started
